{"cameraMode":{"drawMode":0,"name":"Shaded","section":"Shading Mode"},"sceneLighting":true,"audioPlay":false,"sceneViewState":{"m_AlwaysRefresh":false,"showFog":true,"showSkybox":true,"showFlares":true,"showImageEffects":true,"showParticleSystems":true,"showVisualEffectGraphs":true,"m_FxEnabled":true},"in2DMode":false,"pivot":{"x":585.4464721679688,"y":680.1566162109375,"z":-1493.160888671875},"rotation":{"x":0.01619156263768673,"y":0.003329434897750616,"z":0.00007875764276832342,"w":-0.9999200105667114},"size":56.37862014770508,"orthographic":false}